Cluster_index, Nodes, Edges, Density, AvgPathLength, Coeff, LSS, NodesX, EdgesX, DensityX, AvgPathLength, CoeffX, FreqClass, node_perc
1.0, 9.0, 36.0, 1.0, 0.8888888888888888, 1.0, 2.5555555555555554, 11.0, 8.0, 0.14545454545454545, 1.4736842105263157, 0.0, 0.0, 18.181818181818183
6.0, 7.0, 21.0, 1.0, 0.8571428571428571, 1.0, 2.9047619047619047, 5.0, 5.0, 0.5, 1.2, 0.4333333333333333, 0.0, 80.0
5.0, 18.0, 153.0, 1.0, 0.9444444444444444, 1.0, 3.0, 13.0, 17.0, 0.21794871794871795, 2.201183431952663, 0.0, 2.0, 76.92307692307693
2.0, 15.0, 105.0, 1.0, 0.9333333333333333, 1.0, 2.8666666666666667, 12.0, 14.0, 0.21212121212121213, 2.0, 0.23115079365079363, 0.0, 50.0
3.0, 9.0, 36.0, 1.0, 0.8888888888888888, 1.0, 1.8888888888888888, 6.0, 6.0, 0.4, 1.4444444444444444, 0.25, 0.0, 66.66666666666666
4.0, 14.0, 91.0, 1.0, 0.9285714285714286, 1.0, 2.5714285714285716, 16.0, 14.0, 0.11666666666666667, 1.9692307692307693, 0.0, 0.0, 25.0
